M_CD,UP_TIIME,POWER,TEMP,POWER_DIFF,TEMP_DIFF,POWER_5MAVG,TEMP_5MAVG
"111",63,1071,254,0,0,0.000000,0.000000
"111",64,1071,254,0,0,0.000000,0.000000
"111",65,1071,254,0,0,0.000000,0.000000
"111",66,1102,275,31,21,10.333333,7.000000
"111",67,1107,276,5,1,9.000000,5.500000
